Workbook
Name ConnectionInfo: 'Spool List'!#REF!
Name ObjectInfo: 'Spool List'!#REF!

Sheet Spool List
I1: =SUBTOTAL(9,NavDataRegion[Total Qty]) -> 1314 | N1: =SUBTOTAL(9,NavDataRegion[Total Wt2]) -> 255449.14
A2: Project Code | B2: Drawing No. | C2: Spool No | D2: Vlookup | E2: Box No | F2: MSN no. | G2: Paint System | H2: Description | I2: Total Qty | J2: PDI Date | K2: Packing Date | L2: Packing Status | M2: Dispatched Date | N2: Total Wt2 | O2: Inch Dia | P2: Spool Size | Q2: REMARK
A3: TJ/25-26/184 | B3: V17551-PIND-0081 | C3: V17551-PIND-0081-L18 | D3: =VLOOKUP(C:C,Vlookup!A:A,1,0) -> #N/A | E3: 17 | G3: P5 | H3: Spool | I3: 1 | J3: 46101 | K3: 46104 | L3: DISPATCHED | M3: 45754 | N3: =VLOOKUP(NavDataRegion[[#This Row],[Spool No]],[1]Sheet2!$B:$U,20,0) -> 60.38 | O3: 0 | P3: 4
A4: TJ/25-26/184 | B4: V17551-PIND-0096 | C4: V17551-PIND-0096-L22 | D4: =VLOOKUP(C:C,Vlookup!A:A,1,0) -> #N/A | E4: 17 | G4: P5 | H4: Spool | I4: 1 | J4: 46101 | K4: 46104 | L4: DISPATCHED | M4: 45754 | N4: =VLOOKUP(NavDataRegion[[#This Row],[Spool No]],[1]Sheet2!$B:$U,20,0) -> 33 | O4: 0 | P4: 4
A5: TJ/25-26/184 | B5: V17551-PIND-0085 | C5: V17551-PIND-0085-03 | D5: =VLOOKUP(C:C,Vlookup!A:A,1,0) -> #N/A | E5: 18 | G5: P5,P1 | H5: Spool | I5: 1 | J5: 46111 | K5: 46113 | L5: DISPATCHED | M5: 45754 | N5: =VLOOKUP(NavDataRegion[[#This Row],[Spool No]],[1]Sheet2!$B:$U,20,0) -> 156.84353 | O5: 8 | P5: 4
A6: TJ/25-26/184 | B6: V17551-PIND-0157 | C6: V17551-PIND-0157-01 | D6: =VLOOKUP(C:C,Vlookup!A:A,1,0) -> #N/A | E6: 5 | G6: P5 | H6: Spool | I6: 1 | J6: 46010 | K6: 46013 | L6: DISPATCHED | M6: 46090 | N6: =VLOOKUP(NavDataRegion[[#This Row],[Spool No]],[1]Sheet2!$B:$U,20,0) -> 2.94703 | O6: 2.5 | P6: 2.5
A7: TJ/25-26/184 | B7: V17551-PIND-0158 | C7: V17551-PIND-0158-01 | D7: =VLOOKUP(C:C,Vlookup!A:A,1,0) -> #N/A | E7: 5 | G7: P5 | H7: Spool | I7: 1 | J7: 46010 | K7: 46013 | L7: DISPATCHED | M7: 46090 | N7: =VLOOKUP(NavDataRegion[[#This Row],[Spool No]],[1]Sheet2!$B:$U,20,0) -> 3.39202 | O7: 2.5 | P7: 2.5
A8: TJ/25-26/184 | B8: V17551-PIND-0306 | C8: V17551-PIND-0306-01 | D8: =VLOOKUP(C:C,Vlookup!A:A,1,0) -> #N/A | E8: 16 | G8: P1 | H8: Spool | I8: 1 | J8: 46113 | K8: 46118 | L8: DISPATCHED | M8: 46167 | N8: =VLOOKUP(NavDataRegion[[#This Row],[Spool No]],[1]Sheet2!$B:$U,20,0) -> 4.29562 | O8: 1.5 | P8: 0.5
A9: TJ/25-26/184 | B9: V17551-PIND-0157 | C9: V17551-PIND-0157-02 | D9: =VLOOKUP(C:C,Vlookup!A:A,1,0) -> #N/A | E9: 9 | G9: P5 | H9: Spool | I9: 1 | J9: 46049 | K9: 46050 | L9: DISPATCHED | M9: 46091 | N9: =VLOOKUP(NavDataRegion[[#This Row],[Spool No]],[1]Sheet2!$B:$U,20,0) -> 67.294676 | O9: 10.5 | P9: 2.5
A10: TJ/25-26/184 | B10: V17551-PIND-0015 | C10: V17551-PIND-0015-01 | D10: =VLOOKUP(C:C,Vlookup!A:A,1,0) -> #N/A | E10: 2 | G10: P5 | H10: Spool | I10: 1 | J10: 45981 | K10: 45982 | L10: DISPATCHED | M10: 46090 | N10: =VLOOKUP(NavDataRegion[[#This Row],[Spool No]],[1]Sheet2!$B:$U,20,0) -> 166.63912 | O10: 150 | P10: 6
A11: TJ/25-26/184 | B11: V17551-PIND-0158 | C11: V17551-PIND-0158-03 | D11: =VLOOKUP(C:C,Vlookup!A:A,1,0) -> #N/A | E11: 6 | G11: P5 | H11: Spool | I11: 1 | J11: 46029 | K11: 46029 | L11: DISPATCHED | M11: 46091 | N11: =VLOOKUP(NavDataRegion[[#This Row],[Spool No]],[1]Sheet2!$B:$U,20,0) -> 9.6399458 | O11: 8 | P11: 2.5
A12: TJ/25-26/184 | B12: V17551-PIND-0493 | C12: V17551-PIND-0493-01 | D12: =VLOOKUP(C:C,Vlookup!A:A,1,0) -> #N/A | E12: 16 | G12: P5 | H12: Spool | I12: 1 | J12: 46113 | K12: 46118 | L12: DISPATCHED | M12: 46167 | N12: =VLOOKUP(NavDataRegion[[#This Row],[Spool No]],[1]Sheet2!$B:$U,20,0) -> 0.2673 | O12: 0 | P12: 0.5
A13: TJ/25-26/184 | B13: V17551-PIND-0157 | C13: V17551-PIND-0157-03 | D13: =VLOOKUP(C:C,Vlookup!A:A,1,0) -> #N/A | E13: 6 | G13: P5 | H13: Spool | I13: 1 | J13: 46017 | K13: 46027 | L13: DISPATCHED | M13: 46091 | N13: =VLOOKUP(NavDataRegion[[#This Row],[Spool No]],[1]Sheet2!$B:$U,20,0) -> 42.52057 | O13: 12.5 | P13: 2.5
A14: TJ/25-26/184 | B14: V17551-PIND-0019 | C14: V17551-PIND-0019-01 | D14: =VLOOKUP(C:C,Vlookup!A:A,1,0) -> #N/A | E14: 1 | G14: P5 | H14: Spool | I14: 1 | J14: 45981 | K14: 45982 | L14: DISPATCHED | M14: 46090 | N14: =VLOOKUP(NavDataRegion[[#This Row],[Spool No]],[1]Sheet2!$B:$U,20,0) -> 170.67448 | O14: 84 | P14: 6
... A17: TJ/25-26/184 | B17: V17551-PIND-0494 | C17: V17551-PIND-0494-01 | D17: =VLOOKUP(C:C,Vlookup!A:A,1,0) -> #N/A | E17: 16 | G17: P5 | H17: Spool | I17: 1 | J17: 46113 | K17: 46118 | L17: DISPATCHED | M17: 46167 | N17: =VLOOKUP(NavDataRegion[[#This Row],[Spool No]],[1]Sheet2!$B:$U,20,0) -> 10.89102 | O17: 2.5 | P17: 0.5
A18: TJ/25-26/184 | B18: V17551-PIND-0100 | C18: V17551-PIND-0100-01 | D18: =VLOOKUP(C:C,Vlookup!A:A,1,0) -> #N/A | E18: 3 | F18: S-5136 | G18: P5,P1 | H18: Spool | I18: 1 | J18: 46003 | K18: 46006 | L18: DISPATCHED | M18: 46090 | N18: =VLOOKUP(NavDataRegion[[#This Row],[Spool No]],[1]Sheet2!$B:$U,20,0) -> 59.301555 | O18: 18.5 | P18: 3
A19: TJ/25-26/184 | B19: V17551-PIND-0101 | C19: V17551-PIND-0101-01 | D19: =VLOOKUP(C:C,Vlookup!A:A,1,0) -> #N/A | E19: 3 | G19: P5,P1 | H19: Spool | I19: 1 | J19: 45995 | K19: 45999 | L19: DISPATCHED | M19: 46090 | N19: =VLOOKUP(NavDataRegion[[#This Row],[Spool No]],[1]Sheet2!$B:$U,20,0) -> 24.22229 | O19: 6.5 | P19: 3
A20: TJ/25-26/184 | B20: V17551-PIND-0107 | C20: V17551-PIND-0107-01 | D20: =VLOOKUP(C:C,Vlookup!A:A,1,0) -> #N/A | E20: 9 | G20: P5,P1 | H20: Spool | I20: 1 | J20: 46051 | K20: 46055 | L20: DISPATCHED | M20: 46091 | N20: =VLOOKUP(NavDataRegion[[#This Row],[Spool No]],[1]Sheet2!$B:$U,20,0) -> 148.18462 | O20: 17.5 | P20: 3
A21: TJ/25-26/184 | B21: V17551-PIND-0133 | C21: V17551-PIND-0133-01 | D21: =VLOOKUP(C:C,Vlookup!A:A,1,0) -> #N/A | E21: 7 | G21: P5 | H21: Spool | I21: 1 | J21: 46043 | K21: 46043 | L21: DISPATCHED | M21: 46091 | N21: =VLOOKUP(NavDataRegion[[#This Row],[Spool No]],[1]Sheet2!$B:$U,20,0) -> 21.73017 | O21: 21.5 | P21: 3
A22: TJ/25-26/184 | B22: V17551-PIND-0147 | C22: V17551-PIND-0147-08 | D22: =VLOOKUP(C:C,Vlookup!A:A,1,0) -> #N/A | E22: 5 | F22: S-5221 | G22: P5 | H22: Spool | I22: 1 | J22: 46015 | K22: 46016 | L22: DISPATCHED | M22: 46090 | N22: =VLOOKUP(NavDataRegion[[#This Row],[Spool No]],[1]Sheet2!$B:$U,20,0) -> 23.0565 | O22: 6 | P22: 3
A23: TJ/25-26/184 | B23: V17551-PIND-0029 | C23: V17551-PIND-0029-01 | D23: =VLOOKUP(C:C,Vlookup!A:A,1,0) -> #N/A | E23: 1 | G23: P5 | H23: Spool | I23: 1 | J23: 45981 | K23: 45982 | L23: DISPATCHED | M23: 46090 | N23: =VLOOKUP(NavDataRegion[[#This Row],[Spool No]],[1]Sheet2!$B:$U,20,0) -> 170.67448 | O23: 84 | P23: 6
A24: TJ/25-26/184 | B24: V17551-PIND-0345 | C24: V17551-PIND-0345-01 | D24: =VLOOKUP(C:C,Vlookup!A:A,1,0) -> #N/A | E24: 14 | G24: P5 | H24: Spool | I24: 1 | J24: 46105 | K24: 46106 | L24: DISPATCHED | M24: 45754 | N24: =VLOOKUP(NavDataRegion[[#This Row],[Spool No]],[1]Sheet2!$B:$U,20,0) -> 12.43926 | O24: 2.5 | P24: 0.5
A25: TJ/25-26/184 | B25: V17551-PIND-0100 | C25: V17551-PIND-0100-02 | D25: =VLOOKUP(C:C,Vlookup!A:A,1,0) -> #N/A | E25: 1 | F25: S-5137 | G25: P5 | H25: Spool | I25: 1 | J25: 45975 | K25: 45764 | L25: DISPATCHED | M25: 46090 | N25: =VLOOKUP(NavDataRegion[[#This Row],[Spool No]],[1]Sheet2!$B:$U,20,0) -> 40.19929 | O25: 9 | P25: 3
A26: TJ/25-26/184 | B26: V17551-PIND-0301 | C26: V17551-PIND-0301-02 | D26: =VLOOKUP(C:C,Vlookup!A:A,1,0) -> #N/A | E26: 14 | G26: P5 | H26: Spool | I26: 1 | J26: 46098 | K26: 46099 | L26: DISPATCHED | M26: 45754 | N26: =VLOOKUP(NavDataRegion[[#This Row],[Spool No]],[1]Sheet2!$B:$U,20,0) -> 28.30184 | O26: 7 | P26: 1
A27: TJ/25-26/184 | B27: V17551-PIND-0144 | C27: V17551-PIND-0144-01 | D27: =VLOOKUP(C:C,Vlookup!A:A,1,0) -> #N/A | E27: 1 | G27: P1 | H27: Spool | I27: 1 | J27: 45975 | K27: 45764 | L27: DISPATCHED | M27: 46090 | N27: =VLOOKUP(NavDataRegion[[#This Row],[Spool No]],[1]Sheet2!$B:$U,20,0) -> 56.85704 | O27: 4 | P27: 4
A28: TJ/25-26/184 | B28: V17551-PIND-0107 | C28: V17551-PIND-0107-02 | D28: =VLOOKUP(C:C,Vlookup!A:A,1,0) -> #N/A | E28: 6 | G28: P5,P1 | H28: Spool | I28: 1 | J28: 46017 | K28: 46027 | L28: DISPATCHED | M28: 46091 | N28: =VLOOKUP(NavDataRegion[[#This Row],[Spool No]],[1]Sheet2!$B:$U,20,0) -> 142.49667 | O28: 9 | P28: 3
A29: TJ/25-26/184 | B29: V17551-PIND-0099 | C29: V17551-PIND-0099-02 | D29: =VLOOKUP(C:C,Vlookup!A:A,1,0) -> #N/A | E29: 1 | F29: S-5135 | G29: P5 | H29: Spool | I29: 1 | J29: 45975 | K29: 45764 | L29: DISPATCHED | M29: 46090 | N29: =VLOOKUP(NavDataRegion[[#This Row],[Spool No]],[1]Sheet2!$B:$U,20,0) -> 30.7036 | O29: 8 | P29: 4
A30: TJ/25-26/184 | B30: V17551-PIND-0133 | C30: V17551-PIND-0133-02 | D30: =VLOOKUP(C:C,Vlookup!A:A,1,0) -> #N/A | E30: 5 | G30: P5,P1 | H30: Spool | I30: 1 | J30: 46015 | K30: 46016 | L30: DISPATCHED | M30: 46090 | N30: =VLOOKUP(NavDataRegion[[#This Row],[Spool No]],[1]Sheet2!$B:$U,20,0) -> 96.11096 | O30: 19 | P30: 3
A31: TJ/25-26/184 | B31: V17551-PIND-0037 | C31: V17551-PIND-0037-01 | D31: =VLOOKUP(C:C,Vlookup!A:A,1,0) -> #N/A | E31: 2 | G31: P5 | H31: Spool | I31: 1 | J31: 45981 | K31: 45982 | L31: DISPATCHED | M31: 46090 | N31: =VLOOKUP(NavDataRegion[[#This Row],[Spool No]],[1]Sheet2!$B:$U,20,0) -> 170.67448 | O31: 84 | P31: 6
A32: TJ/25-26/184 | B32: V17551-PIND-0147 | C32: V17551-PIND-0147-07 | D32: =VLOOKUP(C:C,Vlookup!A:A,1,0) -> #N/A | E32: 7 | F32: S-5222 | G32: P5,P1 | H32: Spool | I32: 1 | J32: 46043 | K32: 46043 | L32: DISPATCHED | M32: 46091 | N32: =VLOOKUP(NavDataRegion[[#This Row],[Spool No]],[1]Sheet2!$B:$U,20,0) -> 226.08061 | O32: 16 | P32: 3
A33: TJ/25-26/184 | B33: V17551-PIND-0039 | C33: V17551-PIND-0039-01 | D33: =VLOOKUP(C:C,Vlookup!A:A,1,0) -> #N/A | E33: 1 | G33: P5 | H33: Spool | I33: 1 | J33: 45981 | K33: 45982 | L33: DISPATCHED | M33: 46090 | N33: =VLOOKUP(NavDataRegion[[#This Row],[Spool No]],[1]Sheet2!$B:$U,20,0) -> 170.67448 | O33: 84 | P33: 6
A34: TJ/25-26/184 | B34: V17551-PIND-0467 | C34: V17551-PIND-0467-01 | D34: =VLOOKUP(C:C,Vlookup!A:A,1,0) -> #N/A | E34: 14 | G34: P5 | H34: Spool | I34: 1 | J34: 46100 | K34: 46101 | L34: DISPATCHED | M34: 45754 | N34: =VLOOKUP(NavDataRegion[[#This Row],[Spool No]],[1]Sheet2!$B:$U,20,0) -> 3.96892 | O34: 2 | P34: 0.5
A35: TJ/25-26/184 | B35: V17551-PIND-0144 | C35: V17551-PIND-0144-02 | D35: =VLOOKUP(C:C,Vlookup!A:A,1,0) -> #N/A | E35: 1 | G35: P1 | H35: Spool | I35: 1 | J35: 45975 | K35: 45764 | L35: DISPATCHED | M35: 46090 | N35: =VLOOKUP(NavDataRegion[[#This Row],[Spool No]],[1]Sheet2!$B:$U,20,0) -> 47.96432 | O35: 8 | P35: 4
A36: TJ/25-26/184 | B36: V17551-PIND-0468 | C36: V17551-PIND-0468-01 | D36: =VLOOKUP(C:C,Vlookup!A:A,1,0) -> #N/A | E36: 14 | G36: P5 | H36: Spool | I36: 1 | J36: 46100 | K36: 46101 | L36: DISPATCHED | M36: 45754 | N36: =VLOOKUP(NavDataRegion[[#This Row],[Spool No]],[1]Sheet2!$B:$U,20,0) -> 0.95672 | O36: 1 | P36: 0.5
A37: TJ/25-26/184 | B37: V17551-PIND-0101 | C37: V17551-PIND-0101-03 | D37: =VLOOKUP(C:C,Vlookup!A:A,1,0) -> #N/A | E37: 3 | G37: P5,P1 | H37: Spool | I37: 1 | J37: 46003 | K37: 46006 | L37: DISPATCHED | M37: 46090 | N37: =VLOOKUP(NavDataRegion[[#This Row],[Spool No]],[1]Sheet2!$B:$U,20,0) -> 69.704162 | O37: 13 | P37: 3
A38: TJ/25-26/184 | B38: V17551-PIND-0107 | C38: V17551-PIND-0107-03 | D38: =VLOOKUP(C:C,Vlookup!A:A,1,0) -> #N/A | E38: 7 | G38: P5,P1 | H38: Spool | I38: 1 | J38: 46029 | K38: 45665 | L38: DISPATCHED | M38: 46091 | N38: =VLOOKUP(NavDataRegion[[#This Row],[Spool No]],[1]Sheet2!$B:$U,20,0) -> 129.03655 | O38: 15 | P38: 3
A39: TJ/25-26/184 | B39: V17551-PIND-0045 | C39: V17551-PIND-0045-01 | D39: =VLOOKUP(C:C,Vlookup!A:A,1,0) -> #N/A | E39: 1 | G39: P5 | H39: Spool | I39: 1 | J39: 45981 | K39: 45982 | L39: DISPATCHED | M39: 46090 | N39: =VLOOKUP(NavDataRegion[[#This Row],[Spool No]],[1]Sheet2!$B:$U,20,0) -> 170.67448 | O39: 84 | P39: 6
A40: TJ/25-26/184 | B40: V17551-PIND-0133 | C40: V17551-PIND-0133-03 | D40: =VLOOKUP(C:C,Vlookup!A:A,1,0) -> #N/A | E40: 11 | G40: P5,P1 | H40: Spool | I40: 1 | J40: 46064 | K40: 46069 | L40: DISPATCHED | M40: 46105 | N40: =VLOOKUP(NavDataRegion[[#This Row],[Spool No]],[1]Sheet2!$B:$U,20,0) -> 55.92815 | O40: 13 | P40: 3
A41: TJ/25-26/184 | B41: V17551-PIND-0047 | C41: V17551-PIND-0047-01 | D41: =VLOOKUP(C:C,Vlookup!A:A,1,0) -> #N/A | E41: 1 | G41: P5 | H41: Spool | I41: 1 | J41: 45981 | K41: 45982 | L41: DISPATCHED | M41: 46090 | N41: =VLOOKUP(NavDataRegion[[#This Row],[Spool No]],[1]Sheet2!$B:$U,20,0) -> 170.67448 | O41: 84 | P41: 6
A42: TJ/25-26/184 | B42: V17551-PIND-0147 | C42: V17551-PIND-0147-06 | D42: =VLOOKUP(C:C,Vlookup!A:A,1,0) -> #N/A | E42: 7 | F42: S-5223 | G42: P5,P1 | H42: Spool | I42: 1 | J42: 46036 | K42: 46041 | L42: DISPATCHED | M42: 46091 | N42: =VLOOKUP(NavDataRegion[[#This Row],[Spool No]],[1]Sheet2!$B:$U,20,0) -> 171.76553 | O42: 22 | P42: 3
A43: TJ/25-26/184 | B43: V17551-PIND-0098 | C43: V17551-PIND-0098-03 | D43: =VLOOKUP(C:C,Vlookup!A:A,1,0) -> #N/A | E43: 1 | F43: S-5133 | G43: P5,P1 | H43: Spool | I43: 1 | J43: 45975 | K43: 45764 | L43: DISPATCHED | M43: 46090 | N43: =VLOOKUP(NavDataRegion[[#This Row],[Spool No]],[1]Sheet2!$B:$U,20,0) -> 37.27112 | O43: 12 | P43: 4
A44: TJ/25-26/184 | B44: V17551-PIND-0468 | C44: V17551-PIND-0468-03 | D44: =VLOOKUP(C:C,Vlookup!A:A,1,0) -> #N/A | E44: 14 | G44: P5 | H44: Spool | I44: 1 | J44: 46100 | K44: 46101 | L44: DISPATCHED | M44: 45754 | N44: =VLOOKUP(NavDataRegion[[#This Row],[Spool No]],[1]Sheet2!$B:$U,20,0) -> 4.01424 | O44: 2.5 | P44: 0.5
A45: TJ/25-26/184 | B45: V17551-PIND-0051 | C45: V17551-PIND-0051-01 | D45: =VLOOKUP(C:C,Vlookup!A:A,1,0) -> #N/A | E45: 1 | G45: P5 | H45: Spool | I45: 1 | J45: 45981 | K45: 45982 | L45: DISPATCHED | M45: 46090 | N45: =VLOOKUP(NavDataRegion[[#This Row],[Spool No]],[1]Sheet2!$B:$U,20,0) -> 170.67448 | O45: 84 | P45: 6
A46: TJ/25-26/184 | B46: V17551-PIND-0107 | C46: V17551-PIND-0107-04 | D46: =VLOOKUP(C:C,Vlookup!A:A,1,0) -> #N/A | E46: 3 | G46: P5,P1 | H46: Spool | I46: 1 | J46: 46003 | K46: 46006 | L46: DISPATCHED | M46: 46090 | N46: =VLOOKUP(NavDataRegion[[#This Row],[Spool No]],[1]Sheet2!$B:$U,20,0) -> 65.23624 | O46: 21 | P46: 3
A47: TJ/25-26/184 | B47: V17551-PIND-0031 | C47: V17551-PIND-0031-01 | D47: =VLOOKUP(C:C,Vlookup!A:A,1,0) -> #N/A | E47: 1 | G47: P5 | H47: Spool | I47: 1 | J47: 45975 | K47: 45764 | L47: DISPATCHED | M47: 46090 | N47: =VLOOKUP(NavDataRegion[[#This Row],[Spool No]],[1]Sheet2!$B:$U,20,0) -> 170.67448 | O47: 84 | P47: 6
A48: TJ/25-26/184 | B48: V17551-PIND-0147 | C48: V17551-PIND-0147-05 | D48: =VLOOKUP(C:C,Vlookup!A:A,1,0) -> #N/A | E48: 7 | F48: S-5224 | G48: P5,P1 | H48: Spool | I48: 1 | J48: 46043 | K48: 46043 | L48: DISPATCHED | M48: 46091 | N48: =VLOOKUP(NavDataRegion[[#This Row],[Spool No]],[1]Sheet2!$B:$U,20,0) -> 268.74161 | O48: 19.5 | P48: 3
A49: TJ/25-26/184 | B49: V17551-PIND-0033 | C49: V17551-PIND-0033-01 | D49: =VLOOKUP(C:C,Vlookup!A:A,1,0) -> #N/A | E49: 1 | G49: P5 | H49: Spool | I49: 1 | J49: 45975 | K49: 45764 | L49: DISPATCHED | M49: 46090 | N49: =VLOOKUP(NavDataRegion[[#This Row],[Spool No]],[1]Sheet2!$B:$U,20,0) -> 170.67448 | O49: 84 | P49: 6
A50: TJ/25-26/184 | B50: V17551-PIND-0315 | C50: V17551-PIND-0315-06 | D50: =VLOOKUP(C:C,Vlookup!A:A,1,0) -> #N/A | E50: 14 | G50: P5 | H50: Spool | I50: 1 | J50: 46098 | K50: 46099 | L50: DISPATCHED | M50: 45754 | N50: =VLOOKUP(NavDataRegion[[#This Row],[Spool No]],[1]Sheet2!$B:$U,20,0) -> 2.04492 | O50: 2 | P50: 1
A51: TJ/25-26/184 | B51: V17551-PIND-0057 | C51: V17551-PIND-0057-01 | D51: =VLOOKUP(C:C,Vlookup!A:A,1,0) -> #N/A | E51: 1 | G51: P5 | H51: Spool | I51: 1 | J51: 45981 | K51: 45982 | L51: DISPATCHED | M51: 46090 | N51: =VLOOKUP(NavDataRegion[[#This Row],[Spool No]],[1]Sheet2!$B:$U,20,0) -> 170.67448 | O51: 84 | P51: 6
A52: TJ/25-26/184 | B52: V17551-PIND-0107 | C52: V17551-PIND-0107-05 | D52: =VLOOKUP(C:C,Vlookup!A:A,1,0) -> #N/A | E52: 4 | G52: P5,P1 | H52: Spool | I52: 1 | J52: 46008 | K52: 46009 | L52: DISPATCHED | M52: 46090 | N52: =VLOOKUP(NavDataRegion[[#This Row],[Spool No]],[1]Sheet2!$B:$U,20,0) -> 63.26476 | O52: 21 | P52: 3
A53: TJ/25-26/184 | B53: V17551-PIND-0059 | C53: V17551-PIND-0059-01 | D53: =VLOOKUP(C:C,Vlookup!A:A,1,0) -> #N/A | E53: 1 | G53: P5 | H53: Spool | I53: 1 | J53: 45981 | K53: 45982 | L53: DISPATCHED | M53: 46090 | N53: =VLOOKUP(NavDataRegion[[#This Row],[Spool No]],[1]Sheet2!$B:$U,20,0) -> 170.67448 | O53: 84 | P53: 6
A54: TJ/25-26/184 | B54: V17551-PIND-0147 | C54: V17551-PIND-0147-04 | D54: =VLOOKUP(C:C,Vlookup!A:A,1,0) -> #N/A | E54: 7 | F54: S-5225 | G54: P5,P1 | H54: Spool | I54: 1 | J54: 46036 | K54: 46041 | L54: DISPATCHED | M54: 46091 | N54: =VLOOKUP(NavDataRegion[[#This Row],[Spool No]],[1]Sheet2!$B:$U,20,0) -> 300.44005 | O54: 32 | P54: 3
A55: TJ/25-26/184 | B55: V17551-PIND-0468 | C55: V17551-PIND-0468-05 | D55: =VLOOKUP(C:C,Vlookup!A:A,1,0) -> #N/A | E55: 14 | G55: P5 | H55: Spool | I55: 1 | J55: 46100 | K55: 46101 | L55: DISPATCHED | M55: 45754 | N55: =VLOOKUP(NavDataRegion[[#This Row],[Spool No]],[1]Sheet2!$B:$U,20,0) -> 1.6134 | O55: 2.5 | P55: 0.5
A56: TJ/25-26/184 | B56: V17551-PIND-0147 | C56: V17551-PIND-0147-03 | D56: =VLOOKUP(C:C,Vlookup!A:A,1,0) -> #N/A | E56: 8 | F56: S-5226 | G56: P5,P1 | H56: Spool | I56: 1 | J56: 46045 | K56: 46048 | L56: DISPATCHED | M56: 46091 | N56: =VLOOKUP(NavDataRegion[[#This Row],[Spool No]],[1]Sheet2!$B:$U,20,0) -> 299.6974 | O56: 25 | P56: 3
A57: TJ/25-26/184 | B57: V17551-PIND-0063 | C57: V17551-PIND-0063-01 | D57: =VLOOKUP(C:C,Vlookup!A:A,1,0) -> #N/A | E57: 1 | G57: P5 | H57: Spool | I57: 1 | J57: 45981 | K57: 45982 | L57: DISPATCHED | M57: 46090 | N57: =VLOOKUP(NavDataRegion[[#This Row],[Spool No]],[1]Sheet2!$B:$U,20,0) -> 170.60106 | O57: 84 | P57: 6
A58: TJ/25-26/184 | B58: V17551-PIND-0472 | C58: V17551-PIND-0472-01 | D58: =VLOOKUP(C:C,Vlookup!A:A,1,0) -> #N/A | E58: 16 | G58: P5 | H58: Spool | I58: 1 | J58: 46108 | K58: 46111 | L58: DISPATCHED | M58: 46167 | N58: =VLOOKUP(NavDataRegion[[#This Row],[Spool No]],[1]Sheet2!$B:$U,20,0) -> 1.33808 | O58: 1 | P58: 0.5
A59: TJ/25-26/184 | B59: V17551-PIND-0065 | C59: V17551-PIND-0065-01 | D59: =VLOOKUP(C:C,Vlookup!A:A,1,0) -> #N/A | E59: 1 | G59: P5 | H59: Spool | I59: 1 | J59: 45981 | K59: 45982 | L59: DISPATCHED | M59: 46090 | N59: =VLOOKUP(NavDataRegion[[#This Row],[Spool No]],[1]Sheet2!$B:$U,20,0) -> 170.60106 | O59: 84 | P59: 6
A60: TJ/25-26/184 | B60: V17551-PIND-0147 | C60: V17551-PIND-0147-02 | D60: =VLOOKUP(C:C,Vlookup!A:A,1,0) -> #N/A | E60: 7 | F60: S-5227 | G60: P5,P1 | H60: Spool | I60: 1 | J60: 46036 | K60: 46041 | L60: DISPATCHED | M60: 46091 | N60: =VLOOKUP(NavDataRegion[[#This Row],[Spool No]],[1]Sheet2!$B:$U,20,0) -> 126.61736 | O60: 22.5 | P60: 3
A61: TJ/25-26/184 | B61: V17551-PIND-0067 | C61: V17551-PIND-0067-01 | D61: =VLOOKUP(C:C,Vlookup!A:A,1,0) -> #N/A | E61: 1 | G61: P5 | H61: Spool | I61: 1 | J61: 45981 | K61: 45982 | L61: DISPATCHED | M61: 46090 | N61: =VLOOKUP(NavDataRegion[[#This Row],[Spool No]],[1]Sheet2!$B:$U,20,0) -> 170.60106 | O61: 84 | P61: 6
A62: TJ/25-26/184 | B62: V17551-PIND-0318 | C62: V17551-PIND-0318-01 | D62: =VLOOKUP(C:C,Vlookup!A:A,1,0) -> #N/A | E62: 14 | G62: P5 | H62: Spool | I62: 1 | J62: 46098 | K62: 46099 | L62: DISPATCHED | M62: 45754 | N62: =VLOOKUP(NavDataRegion[[#This Row],[Spool No]],[1]Sheet2!$B:$U,20,0) -> 17.7876 | O62: 5.25 | P62: 0.75
A63: TJ/25-26/184 | B63: V17551-PIND-0069 | C63: V17551-PIND-0069-01 | D63: =VLOOKUP(C:C,Vlookup!A:A,1,0) -> #N/A | E63: 2 | G63: P5 | H63: Spool | I63: 1 | J63: 45981 | K63: 45982 | L63: DISPATCHED | M63: 46090 | N63: =VLOOKUP(NavDataRegion[[#This Row],[Spool No]],[1]Sheet2!$B:$U,20,0) -> 170.60106 | O63: 84 | P63: 6
A64: TJ/25-26/184 | B64: V17551-PIND-0469 | C64: V17551-PIND-0469-01 | D64: =VLOOKUP(C:C,Vlookup!A:A,1,0) -> #N/A | E64: 14 | G64: P5 | H64: Spool | I64: 1 | J64: 46100 | K64: 46101 | L64: DISPATCHED | M64: 45754 | N64: =VLOOKUP(NavDataRegion[[#This Row],[Spool No]],[1]Sheet2!$B:$U,20,0) -> 0.95996 | O64: 1 | P64: 0.5
A65: TJ/25-26/184 | B65: V17551-PIND-0071 | C65: V17551-PIND-0071-01 | D65: =VLOOKUP(C:C,Vlookup!A:A,1,0) -> #N/A | E65: 2 | G65: P5 | H65: Spool | I65: 1 | J65: 45981 | K65: 45982 | L65: DISPATCHED | M65: 46090 | N65: =VLOOKUP(NavDataRegion[[#This Row],[Spool No]],[1]Sheet2!$B:$U,20,0) -> 170.60106 | O65: 84 | P65: 6
A66: TJ/25-26/184 | B66: V17551-PIND-0469 | C66: V17551-PIND-0469-03 | D66: =VLOOKUP(C:C,Vlookup!A:A,1,0) -> #N/A | E66: 14 | G66: P5 | H66: Spool | I66: 1 | J66: 46100 | K66: 46101 | L66: DISPATCHED | M66: 45754 | N66: =VLOOKUP(NavDataRegion[[#This Row],[Spool No]],[1]Sheet2!$B:$U,20,0) -> 4.21836 | O66: 2.5 | P66: 0.5
A67: TJ/25-26/184 | B67: V17551-PIND-0469 | C67: V17551-PIND-0469-05 | D67: =VLOOKUP(C:C,Vlookup!A:A,1,0) -> #N/A | E67: 14 | G67: P5 | H67: Spool | I67: 1 | J67: 46100 | K67: 46101 | L67: DISPATCHED | M67: 45754 | N67: =VLOOKUP(NavDataRegion[[#This Row],[Spool No]],[1]Sheet2!$B:$U,20,0) -> 2.21924 | O67: 3.5 | P67: 0.5
A68: TJ/25-26/184 | B68: V17551-PIND-0470 | C68: V17551-PIND-0470-03 | D68: =VLOOKUP(C:C,Vlookup!A:A,1,0) -> #N/A | E68: 14 | G68: P5 | H68: Spool | I68: 1 | J68: 46100 | K68: 46101 | L68: DISPATCHED | M68: 45754 | N68: =VLOOKUP(NavDataRegion[[#This Row],[Spool No]],[1]Sheet2!$B:$U,20,0) -> 3.22688 | O68: 3.5 | P68: 0.5
A69: TJ/25-26/184 | B69: V17551-PIND-0304 | C69: V17551-PIND-0304-02 | D69: =VLOOKUP(C:C,Vlookup!A:A,1,0) -> #N/A | E69: 14 | G69: P1 | H69: Spool | I69: 1 | J69: 46101 | K69: 46104 | L69: DISPATCHED | M69: 45754 | N69: =VLOOKUP(NavDataRegion[[#This Row],[Spool No]],[1]Sheet2!$B:$U,20,0) -> 4.2506 | O69: 3 | P69: 0.75
A70: TJ/25-26/184 | B70: V17551-PIND-0094 | C70: V17551-PIND-0094-04 | D70: =VLOOKUP(C:C,Vlookup!A:A,1,0) -> #N/A | E70: 18 | F70: S-5123 | G70: P5,P1 | H70: Spool | I70: 1 | J70: 46111 | K70: 46113 | L70: DISPATCHED | M70: 45754 | N70: =VLOOKUP(NavDataRegion[[#This Row],[Spool No]],[1]Sheet2!$B:$U,20,0) -> 884.99516 | O70: 44 | P70: 4
A71: TJ/25-26/184 | B71: V17551-PIND-0488 | C71: V17551-PIND-0488-01 | D71: =VLOOKUP(C:C,Vlookup!A:A,1,0) -> #N/A | E71: 14 | G71: P5 | H71: Spool | I71: 1 | J71: 46105 | K71: 46106 | L71: DISPATCHED | M71: 45754 | N71: =VLOOKUP(NavDataRegion[[#This Row],[Spool No]],[1]Sheet2!$B:$U,20,0) -> 2.25754 | O71: 2 | P71: 0.5
A72: TJ/25-26/184 | B72: V17551-PIND-0074 | C72: V17551-PIND-0074-04 | D72: =VLOOKUP(C:C,Vlookup!A:A,1,0) -> #N/A | E72: 1 | G72: P5 | H72: Spool | I72: 1 | J72: 45981 | K72: 45982 | L72: DISPATCHED | M72: 46090 | N72: =VLOOKUP(NavDataRegion[[#This Row],[Spool No]],[1]Sheet2!$B:$U,20,0) -> 44.66876 | O72: 18 | P72: 6
A73: TJ/25-26/184 | B73: V17551-PIND-0489 | C73: V17551-PIND-0489-01 | D73: =VLOOKUP(C:C,Vlookup!A:A,1,0) -> #N/A | E73: 16 | G73: P5 | H73: Spool | I73: 1 | J73: 46107 | K73: 46111 | L73: DISPATCHED | M73: 46167 | N73: =VLOOKUP(NavDataRegion[[#This Row],[Spool No]],[1]Sheet2!$B:$U,20,0) -> 11.3739 | O73: 2.5 | P73: 0.5
A74: TJ/25-26/184 | B74: V17551-PIND-0083 | C74: V17551-PIND-0083-01 | D74: =VLOOKUP(C:C,Vlookup!A:A,1,0) -> #N/A | E74: 9 | F74: S-5083 | G74: P5,P1 | H74: Spool | I74: 1 | J74: 46051 | K74: 46055 | L74: DISPATCHED | M74: 46091 | N74: =VLOOKUP(NavDataRegion[[#This Row],[Spool No]],[1]Sheet2!$B:$U,20,0) -> 110.78258 | O74: 20 | P74: 4
A75: TJ/25-26/184 | B75: V17551-PIND-0085 | C75: V17551-PIND-0085-01 | D75: =VLOOKUP(C:C,Vlookup!A:A,1,0) -> #N/A | E75: 4 | G75: P5,P1 | H75: Spool | I75: 1 | J75: 46008 | K75: 46009 | L75: DISPATCHED | M75: 46090 | N75: =VLOOKUP(NavDataRegion[[#This Row],[Spool No]],[1]Sheet2!$B:$U,20,0) -> 88.908107 | O75: 7.5 | P75: 4
A76: TJ/25-26/184 | B76: V17551-PIND-0086 | C76: V17551-PIND-0086-01 | D76: =VLOOKUP(C:C,Vlookup!A:A,1,0) -> #N/A | E76: 9 | F76: S-5095 | G76: P5,P1 | H76: Spool | I76: 1 | J76: 46051 | K76: 46055 | L76: DISPATCHED | M76: 46091 | N76: =VLOOKUP(NavDataRegion[[#This Row],[Spool No]],[1]Sheet2!$B:$U,20,0) -> 103.72633 | O76: 15.5 | P76: 4
A77: TJ/25-26/184 | B77: V17551-PIND-0094 | C77: V17551-PIND-0094-01 | D77: =VLOOKUP(C:C,Vlookup!A:A,1,0) -> #N/A | E77: 13 | G77: P5,P1 | H77: Spool | I77: 1 | J77: 46064 | K77: 46094 | L77: DISPATCHED | M77: 46105 | N77: =VLOOKUP(NavDataRegion[[#This Row],[Spool No]],[1]Sheet2!$B:$U,20,0) -> 196.29647 | O77: 7 | P77: 4
A78: TJ/25-26/184 | B78: V17551-PIND-0471 | C78: V17551-PIND-0471-01 | D78: =VLOOKUP(C:C,Vlookup!A:A,1,0) -> #N/A | E78: 14 | G78: P5 | H78: Spool | I78: 1 | J78: 46100 | K78: 46101 | L78: DISPATCHED | M78: 45754 | N78: =VLOOKUP(NavDataRegion[[#This Row],[Spool No]],[1]Sheet2!$B:$U,20,0) -> 1.63892 | O78: 2 | P78: 0.5
A79: TJ/25-26/184 | B79: V17551-PIND-0491 | C79: V17551-PIND-0491-01 | D79: =VLOOKUP(C:C,Vlookup!A:A,1,0) -> #N/A | E79: 16 | G79: P5 | H79: Spool | I79: 1 | J79: 46108 | K79: 46111 | L79: DISPATCHED | M79: 46167 | N79: =VLOOKUP(NavDataRegion[[#This Row],[Spool No]],[1]Sheet2!$B:$U,20,0) -> 0.8579 | O79: 1 | P79: 0.5
A80: TJ/25-26/184 | B80: V17551-PIND-0094 | C80: V17551-PIND-0094-05 | D80: =VLOOKUP(C:C,Vlookup!A:A,1,0) -> #N/A | E80: 18 | F80: S-5124 | G80: P5,P1 | H80: Spool | I80: 1 | J80: 46111 | K80: 46113 | L80: DISPATCHED | M80: 45754 | N80: =VLOOKUP(NavDataRegion[[#This Row],[Spool No]],[1]Sheet2!$B:$U,20,0) -> 70.728963 | O80: 16 | P80: 4
A81: TJ/25-26/184 | B81: V17551-PIND-0304 | C81: V17551-PIND-0304-03 | D81: =VLOOKUP(C:C,Vlookup!A:A,1,0) -> #N/A | E81: 16 | G81: P1 | H81: Spool | I81: 1 | J81: 46111 | K81: 46118 | L81: DISPATCHED | M81: 46167 | N81: =VLOOKUP(NavDataRegion[[#This Row],[Spool No]],[1]Sheet2!$B:$U,20,0) -> 13.2412 | O81: 3 | P81: 0.75
A82: TJ/25-26/184 | B82: V17551-PIND-0134 | C82: V17551-PIND-0134-01 | D82: =VLOOKUP(C:C,Vlookup!A:A,1,0) -> #N/A | E82: 13 | G82: P5,P1 | H82: Spool | I82: 1 | J82: 46087 | K82: 46094 | L82: DISPATCHED | M82: 46105 | N82: =VLOOKUP(NavDataRegion[[#This Row],[Spool No]],[1]Sheet2!$B:$U,20,0) -> 88.4906 | O82: 11 | P82: 4
A83: TJ/25-26/184 | B83: V17551-PIND-0487 | C83: V17551-PIND-0487-01 | D83: =VLOOKUP(C:C,Vlookup!A:A,1,0) -> #N/A | E83: 16 | G83: P5 | H83: Spool | I83: 1 | J83: 46112 | K83: 46118 | L83: DISPATCHED | M83: 46167 | N83: =VLOOKUP(NavDataRegion[[#This Row],[Spool No]],[1]Sheet2!$B:$U,20,0) -> 1.09766 | O83: 1 | P83: 0.5
A84: TJ/25-26/184 | B84: V17551-PIND-0148 | C84: V17551-PIND-0148-01 | D84: =VLOOKUP(C:C,Vlookup!A:A,1,0) -> #N/A | E84: 11 | G84: P5,P1 | H84: Spool | I84: 1 | J84: 46064 | K84: 46069 | L84: DISPATCHED | M84: 46105 | N84: =VLOOKUP(NavDataRegion[[#This Row],[Spool No]],[1]Sheet2!$B:$U,20,0) -> 87.189137 | O84: 8.5 | P84: 4
A85: TJ/25-26/184 | B85: V17551-PIND-0149 | C85: V17551-PIND-0149-01 | D85: =VLOOKUP(C:C,Vlookup!A:A,1,0) -> #N/A | E85: 13 | G85: P5,P1 | H85: Spool | I85: 1 | J85: 46087 | K85: 46094 | L85: DISPATCHED | M85: 46105 | N85: =VLOOKUP(NavDataRegion[[#This Row],[Spool No]],[1]Sheet2!$B:$U,20,0) -> 86.131667 | O85: 8 | P85: 4
A86: TJ/25-26/184 | B86: V17551-PIND-0319 | C86: V17551-PIND-0319-05 | D86: =VLOOKUP(C:C,Vlookup!A:A,1,0) -> #N/A | E86: 14 | G86: P5 | H86: Spool | I86: 1 | J86: 46098 | K86: 46099 | L86: DISPATCHED | M86: 45754 | N86: =VLOOKUP(NavDataRegion[[#This Row],[Spool No]],[1]Sheet2!$B:$U,20,0) -> 7.61124 | O86: 1 | P86: 1
A87: TJ/25-26/184 | B87: V17551-PIND-0304 | C87: V17551-PIND-0304-04 | D87: =VLOOKUP(C:C,Vlookup!A:A,1,0) -> #N/A | E87: 14 | G87: P1 | H87: Spool | I87: 1 | J87: 46101 | K87: 46104 | L87: DISPATCHED | M87: 45754 | N87: =VLOOKUP(NavDataRegion[[#This Row],[Spool No]],[1]Sheet2!$B:$U,20,0) -> 26.7538 | O87: 3 | P87: 0.75
A88: TJ/25-26/184 | B88: V17551-PIND-0085 | C88: V17551-PIND-0085-02 | D88: =VLOOKUP(C:C,Vlookup!A:A,1,0) -> #N/A | E88: 3 | G88: P5,P1 | H88: Spool | I88: 1 | J88: 46003 | K88: 46006 | L88: DISPATCHED | M88: 46090 | N88: =VLOOKUP(NavDataRegion[[#This Row],[Spool No]],[1]Sheet2!$B:$U,20,0) -> 298.72961 | O88: 19 | P88: 4
A89: TJ/25-26/184 | B89: V17551-PIND-0086 | C89: V17551-PIND-0086-02 | D89: =VLOOKUP(C:C,Vlookup!A:A,1,0) -> #N/A | E89: 7 | F89: S-5096 | G89: P5,P1 | H89: Spool | I89: 1 | J89: 46036 | K89: 46041 | L89: DISPATCHED | M89: 46091 | N89: =VLOOKUP(NavDataRegion[[#This Row],[Spool No]],[1]Sheet2!$B:$U,20,0) -> 366.69683 | O89: 23.5 | P89: 4
A90: TJ/25-26/184 | B90: V17551-PIND-0094 | C90: V17551-PIND-0094-02 | D90: =VLOOKUP(C:C,Vlookup!A:A,1,0) -> #N/A | E90: 12 | G90: P5,P1 | H90: Spool | I90: 1 | J90: 46073 | K90: 46076 | L90: DISPATCHED | M90: 46105 | N90: =VLOOKUP(NavDataRegion[[#This Row],[Spool No]],[1]Sheet2!$B:$U,20,0) -> 112.8844 | O90: 7.5 | P90: 4
A91: TJ/25-26/184 | B91: V17551-PIND-0472 | C91: V17551-PIND-0472-02 | D91: =VLOOKUP(C:C,Vlookup!A:A,1,0) -> #N/A | E91: 14 | G91: P5 | H91: Spool | I91: 1 | J91: 46100 | K91: 46101 | L91: DISPATCHED | M91: 45754 | N91: =VLOOKUP(NavDataRegion[[#This Row],[Spool No]],[1]Sheet2!$B:$U,20,0) -> 5.31842 | O91: 0.5 | P91: 0.5
A92: TJ/25-26/184 | B92: V17551-PIND-0482 | C92: V17551-PIND-0482-01 | D92: =VLOOKUP(C:C,Vlookup!A:A,1,0) -> #N/A | E92: 14 | G92: P5 | H92: Spool | I92: 1 | J92: 46100 | K92: 46101 | L92: DISPATCHED | M92: 45754 | N92: =VLOOKUP(NavDataRegion[[#This Row],[Spool No]],[1]Sheet2!$B:$U,20,0) -> 0.38718 | O92: 0 | P92: 0.5
A93: TJ/25-26/184 | B93: V17551-PIND-0482 | C93: V17551-PIND-0482-03 | D93: =VLOOKUP(C:C,Vlookup!A:A,1,0) -> #N/A | E93: 14 | G93: P5 | H93: Spool | I93: 1 | J93: 46100 | K93: 46101 | L93: DISPATCHED | M93: 45754 | N93: =VLOOKUP(NavDataRegion[[#This Row],[Spool No]],[1]Sheet2!$B:$U,20,0) -> 4.7238 | O93: 2.5 | P93: 0.5
A94: TJ/25-26/184 | B94: V17551-PIND-0135 | C94: V17551-PIND-0135-02 | D94: =VLOOKUP(C:C,Vlookup!A:A,1,0) -> #N/A | E94: 13 | F94: S-5205 | G94: P5 | H94: Spool | I94: 1 | J94: 46087 | K94: 46094 | L94: DISPATCHED | M94: 46105 | N94: =VLOOKUP(NavDataRegion[[#This Row],[Spool No]],[1]Sheet2!$B:$U,20,0) -> 90.25296 | O94: 12 | P94: 4
A95: TJ/25-26/184 | B95: V17551-PIND-0148 | C95: V17551-PIND-0148-02 | D95: =VLOOKUP(C:C,Vlookup!A:A,1,0) -> #N/A | E95: 7 | G95: P5,P1 | H95: Spool | I95: 1 | J95: 46043 | K95: 46043 | L95: DISPATCHED | M95: 46091 | N95: =VLOOKUP(NavDataRegion[[#This Row],[Spool No]],[1]Sheet2!$B:$U,20,0) -> 187.20051 | O95: 17 | P95: 4
A96: TJ/25-26/184 | B96: V17551-PIND-0149 | C96: V17551-PIND-0149-02 | D96: =VLOOKUP(C:C,Vlookup!A:A,1,0) -> #N/A | E96: 7 | G96: P5,P1 | H96: Spool | I96: 1 | J96: 46036 | K96: 46037 | L96: DISPATCHED | M96: 46091 | N96: =VLOOKUP(NavDataRegion[[#This Row],[Spool No]],[1]Sheet2!$B:$U,20,0) -> 188.99633 | O96: 15 | P96: 4
A97: TJ/25-26/184 | B97: V17551-PIND-0083 | C97: V17551-PIND-0083-03 | D97: =VLOOKUP(C:C,Vlookup!A:A,1,0) -> #N/A | E97: 11 | F97: S-5085 | G97: P5,P1 | H97: Spool | I97: 1 | J97: 46064 | K97: 46069 | L97: DISPATCHED | M97: 46105 | N97: =VLOOKUP(NavDataRegion[[#This Row],[Spool No]],[1]Sheet2!$B:$U,20,0) -> 275.04494 | O97: 20 | P97: 4
A98: TJ/25-26/184 | B98: V17551-PIND-0483 | C98: V17551-PIND-0483-01 | D98: =VLOOKUP(C:C,Vlookup!A:A,1,0) -> #N/A | E98: 14 | G98: P5 | H98: Spool | I98: 1 | J98: 46100 | K98: 46101 | L98: DISPATCHED | M98: 45754 | N98: =VLOOKUP(NavDataRegion[[#This Row],[Spool No]],[1]Sheet2!$B:$U,20,0) -> 9.83 | O98: 0.5 | P98: 0.5
A99: TJ/25-26/184 | B99: V17551-PIND-0529 | C99: V17551-PIND-0529-01 | D99: =VLOOKUP(C:C,Vlookup!A:A,1,0) -> #N/A | E99: 14 | G99: P1 | H99: Spool | I99: 1 | J99: 46105 | K99: 46106 | L99: DISPATCHED | M99: 45754 | N99: =VLOOKUP(NavDataRegion[[#This Row],[Spool No]],[1]Sheet2!$B:$U,20,0) -> 2.17658 | O99: 3 | P99: 0.5
A100: TJ/25-26/184 | B100: V17551-PIND-0094 | C100: V17551-PIND-0094-03 | D100: =VLOOKUP(C:C,Vlookup!A:A,1,0) -> #N/A | E100: 12 | G100: P5 | H100: Spool | I100: 1 | J100: 46073 | K100: 46076 | L100: DISPATCHED | M100: 46105 | N100: =VLOOKUP(NavDataRegion[[#This Row],[Spool No]],[1]Sheet2!$B:$U,20,0) -> 49.9996 | O100: 8 | P100: 4
A101: TJ/25-26/184 | B101: V17551-PIND-0530 | C101: V17551-PIND-0530-01 | D101: =VLOOKUP(C:C,Vlookup!A:A,1,0) -> #N/A | E101: 14 | G101: P1 | H101: Spool | I101: 1 | J101: 46105 | K101: 46106 | L101: DISPATCHED | M101: 45754 | N101: =VLOOKUP(NavDataRegion[[#This Row],[Spool No]],[1]Sheet2!$B:$U,20,0) -> 7.08032 | O101: 3 | P101: 0.5
A102: TJ/25-26/184 | B102: V17551-PIND-0483 | C102: V17551-PIND-0483-02 | D102: =VLOOKUP(C:C,Vlookup!A:A,1,0) -> #N/A | E102: 14 | G102: P5 | H102: Spool | I102: 1 | J102: 46100 | K102: 46101 | L102: DISPATCHED | M102: 45754 | N102: =VLOOKUP(NavDataRegion[[#This Row],[Spool No]],[1]Sheet2!$B:$U,20,0) -> 1.83858 | O102: 2.5 | P102: 0.5
...

Sheet Summary
B2: TJ/25-26/184 / Vogt Power
B3: Box No. | C3: Status | D3: QTY | E3: Net WT. | F3: Dispatch Date | G3: Container No. | H3: Seal No. | I3: VPI package no. | J3: LBP/SBP
B4: 1 | C4: Dispatched | D4: 41 | E4: 9278 | F4: 46090 | G4: JXLU7835341 | H4: A4251282344 | I4: NRGCB-HRSG5-VPI-DEE-93280-0001 | J4: Large Bore
B5: 2 | C5: Dispatched | D5: 56 | E5: 10295 | F5: 46090 | G5: ZCSU7460137 | H5: A4251282341 | I5: NRGCB-HRSG5-VPI-DEE-93280-0002 | J5: Large Bore
B6: 3 | C6: Dispatched | D6: 48 | E6: 12332 | F6: 46090 | G6: ZCSU7955250 | H6: A4251282348 | I6: NRGCB-HRSG5-VPI-DEE-93280-0003 | J6: Large Bore
B7: 4 | C7: Dispatched | D7: 36 | E7: 11022 | F7: 46090 | G7: ZCSU7490321 | H7: A4251282354 | I7: NRGCB-HRSG5-VPI-DEE-93280-0004 | J7: Large Bore
B8: 5 | C8: Dispatched | D8: 66 | E8: 8836 | F8: 46090 | G8: ZCSU7202765 | H8: A4251282359 | I8: NRGCB-HRSG5-VPI-DEE-93280-0005 | J8: Large Bore
B9: 6 | C9: Dispatched | D9: 48 | E9: 9303 | F9: 46091 | G9: FSCU8167312 | H9: A4251282396 | I9: NRGCB-HRSG5-VPI-DEE-93280-0006 | J9: Large Bore
B10: 7 | C10: Dispatched | D10: 38 | E10: 10387 | F10: 46091 | G10: JXLU6325338 | H10: A4251282389 | I10: NRGCB-HRSG5-VPI-DEE-93280-0007 | J10: Large Bore
B11: 8 | C11: Dispatched | D11: 18 | E11: 9567 | F11: 46091 | G11: JXLU4400520 | H11: A4251282407 | I11: NRGCB-HRSG5-VPI-DEE-93280-0008 | J11: Large Bore
B12: 9 | C12: Dispatched | D12: 20 | E12: 11346 | F12: 46091 | G12: ZCSU6617793 | H12: A4251282420 | I12: NRGCB-HRSG5-VPI-DEE-93280-0009 | J12: Large Bore
B13: 10 | C13: Dispatched | D13: 4 | E13: 11959 | F13: 46091 | G13: TCNU6081129 | H13: A4251282432 | I13: NRGCB-HRSG5-VPI-DEE-93280-0010 | J13: Large Bore
B14: 11 | C14: Dispatched | D14: 14 | E14: 11576 | F14: 46105 | G14: TGHU6285187 | H14: A4251468303 | I14: NRGCB-HRSG5-VPI-DEE-93280-0011 | J14: Large Bore
B15: 12 | C15: Dispatched | D15: 31 | E15: 14518 | F15: 46105 | G15: ZCSU6524094 | H15: A4251468308 | I15: NRGCB-HRSG5-VPI-DEE-93280-0012 | J15: Large Bore
... B27: 24 | C27: Dispatched | D27: 5 | E27: 13480 | F27: 46185 | G27: ZCSU6660043 | H27: A4251469549 | I27: NRGCB-HRSG5-VPI-DEE-93280-0024 | J27: Large Bore
B28: 25 | C28: Dispatched | D28: 2 | E28: 228 | F28: 46227 | I28: By Air Shipped | J28: Small Bore
C29: TOTAL | D29: =SUM(D4:D28) -> 1314 | E29: =SUM(E4:E28) -> 259090

Sheet Vlookup
A1: V17551-PIND-0372-02
A2: V17551-PIND-0373-03
